{
  "ppo_gae": {
    "4x32x1": {
      "python": {
        "mean_ms": 3.2045433592796324,
        "std_ms": 0.05868872576536008,
        "median_ms": 3.2030720710754395,
        "p5_ms": 3.1445391535758973,
        "p95_ms": 3.258624017238617,
        "min_ms": 3.027967929840088,
        "max_ms": 3.5624959468841553
      },
      "triton": {
        "mean_ms": 0.09623360179364682,
        "std_ms": 0.0027747419662282114,
        "median_ms": 0.09523200243711472,
        "p5_ms": 0.09420480206608772,
        "p95_ms": 0.10251199789345264,
        "min_ms": 0.09318400174379349,
        "max_ms": 0.10649599879980087
      },
      "speedup": 33.63440848774076,
      "max_diff": 1.0728836059570312e-06,
      "correct": true,
      "total_elements": 128
    },
    "16x64x4": {
      "python": {
        "mean_ms": 6.377636151313782,
        "std_ms": 0.030661096380888913,
        "median_ms": 6.3729119300842285,
        "p5_ms": 6.337433457374573,
        "p95_ms": 6.437017512321472,
        "min_ms": 6.326272010803223,
        "max_ms": 6.482944011688232
      },
      "triton": {
        "mean_ms": 0.10183743737637997,
        "std_ms": 0.0036924799241730474,
        "median_ms": 0.10035199671983719,
        "p5_ms": 0.09932799637317657,
        "p95_ms": 0.11069440022110938,
        "min_ms": 0.09830400347709656,
        "max_ms": 0.11468800157308578
      },
      "speedup": 63.50558173621727,
      "max_diff": 2.384185791015625e-06,
      "correct": true,
      "total_elements": 4096
    },
    "64x128x4": {
      "python": {
        "mean_ms": 12.576254396438598,
        "std_ms": 0.13741588688587408,
        "median_ms": 12.575200080871582,
        "p5_ms": 12.500787019729614,
        "p95_ms": 12.715570974349976,
        "min_ms": 11.821056365966797,
        "max_ms": 13.065216064453125
      },
      "triton": {
        "mean_ms": 0.10278943762183189,
        "std_ms": 0.003688806144498751,
        "median_ms": 0.1013759970664978,
        "p5_ms": 0.10031839683651925,
        "p95_ms": 0.11264000087976456,
        "min_ms": 0.09932799637317657,
        "max_ms": 0.11376000195741653
      },
      "speedup": 124.04514327610364,
      "max_diff": 3.337860107421875e-06,
      "correct": true,
      "total_elements": 32768
    },
    "256x256x1": {
      "python": {
        "mean_ms": 25.140118217468263,
        "std_ms": 0.13541302426361243,
        "median_ms": 25.135104179382324,
        "p5_ms": 24.926874351501464,
        "p95_ms": 25.358437919616698,
        "min_ms": 24.768512725830078,
        "max_ms": 25.55392074584961
      },
      "triton": {
        "mean_ms": 0.10268479757010937,
        "std_ms": 0.004032391091982494,
        "median_ms": 0.1013759970664978,
        "p5_ms": 0.09932799637317657,
        "p95_ms": 0.11468800157308578,
        "min_ms": 0.0992640033364296,
        "max_ms": 0.1157120019197464
      },
      "speedup": 247.93940288345473,
      "max_diff": 5.7220458984375e-06,
      "correct": true,
      "total_elements": 65536
    }
  },
  "utils_gae_ntk": {
    "N16_T32_k1": {
      "python": {
        "mean_ms": 3.1944627165794373,
        "std_ms": 0.017446785683073875,
        "median_ms": 3.1938560009002686,
        "p5_ms": 3.1682048439979553,
        "p95_ms": 3.225600004196167,
        "min_ms": 3.1600639820098877,
        "max_ms": 3.256319999694824
      },
      "triton": {
        "mean_ms": 0.08363967835903167,
        "std_ms": 0.004762838770218163,
        "median_ms": 0.08191999793052673,
        "p5_ms": 0.08089279755949974,
        "p95_ms": 0.09523200243711472,
        "min_ms": 0.0798719972372055,
        "max_ms": 0.10444799810647964
      },
      "speedup": 38.987500995896724,
      "max_diff": 1.1920928955078125e-06,
      "correct": true
    },
    "N64_T64_k4": {
      "python": {
        "mean_ms": 6.392441930770874,
        "std_ms": 0.06641554155421077,
        "median_ms": 6.401535987854004,
        "p5_ms": 6.361960053443909,
        "p95_ms": 6.443110346794128,
        "min_ms": 6.028287887573242,
        "max_ms": 6.532095909118652
      },
      "triton": {
        "mean_ms": 0.08376479856669902,
        "std_ms": 0.003589366827888351,
        "median_ms": 0.08294399827718735,
        "p5_ms": 0.08089599758386612,
        "p95_ms": 0.09323520176112651,
        "min_ms": 0.08089599758386612,
        "max_ms": 0.09523200243711472
      },
      "speedup": 77.17901380231223,
      "max_diff": 3.814697265625e-06,
      "correct": true
    },
    "N256_T128_k1": {
      "python": {
        "mean_ms": 11.90221468925476,
        "std_ms": 0.05070429021711671,
        "median_ms": 11.906079769134521,
        "p5_ms": 11.840409851074218,
        "p95_ms": 11.970785284042359,
        "min_ms": 11.662240028381348,
        "max_ms": 12.040224075317383
      },
      "triton": {
        "mean_ms": 0.07910239808261395,
        "std_ms": 0.0035362891679953023,
        "median_ms": 0.07782399654388428,
        "p5_ms": 0.07680000364780426,
        "p95_ms": 0.08601599931716919,
        "min_ms": 0.07673600316047668,
        "max_ms": 0.1013759970664978
      },
      "speedup": 152.9872571170357,
      "max_diff": 1.9073486328125e-06,
      "correct": true
    },
    "N512_T256_k4": {
      "python": {
        "mean_ms": 25.71611988067627,
        "std_ms": 0.892276956027472,
        "median_ms": 25.89132785797119,
        "p5_ms": 24.160349464416505,
        "p95_ms": 26.106449699401857,
        "min_ms": 24.10495948791504,
        "max_ms": 29.916160583496094
      },
      "triton": {
        "mean_ms": 0.21391072005033493,
        "std_ms": 0.0037496218591597024,
        "median_ms": 0.21299199759960175,
        "p5_ms": 0.21094399690628052,
        "p95_ms": 0.22118400037288666,
        "min_ms": 0.21094399690628052,
        "max_ms": 0.24063999950885773
      },
      "speedup": 121.56009685698916,
      "max_diff": 3.337860107421875e-06,
      "correct": true
    }
  },
  "utils_gae_tnk": {
    "T32_N16_k1": {
      "python": {
        "mean_ms": 2.762597773075104,
        "std_ms": 0.015457832365283187,
        "median_ms": 2.7596800327301025,
        "p5_ms": 2.7452336311340333,
        "p95_ms": 2.791628837585449,
        "min_ms": 2.738176107406616,
        "max_ms": 2.825216054916382
      },
      "triton": {
        "mean_ms": 0.0785942380875349,
        "std_ms": 0.0023542268539475334,
        "median_ms": 0.07782399654388428,
        "p5_ms": 0.07680000364780426,
        "p95_ms": 0.0850431989878416,
        "min_ms": 0.07680000364780426,
        "max_ms": 0.08806400001049042
      },
      "speedup": 35.46052831113528,
      "max_diff": 9.5367431640625e-07,
      "correct": true
    },
    "T64_N64_k4": {
      "python": {
        "mean_ms": 5.69708767414093,
        "std_ms": 0.13289877862849975,
        "median_ms": 5.6453118324279785,
        "p5_ms": 5.617612671852112,
        "p95_ms": 6.049024033546448,
        "min_ms": 5.607423782348633,
        "max_ms": 6.063104152679443
      },
      "triton": {
        "mean_ms": 0.08468703866004944,
        "std_ms": 0.004714702027738208,
        "median_ms": 0.08294399827718735,
        "p5_ms": 0.08191999793052673,
        "p95_ms": 0.09733120314776897,
        "min_ms": 0.08089599758386612,
        "max_ms": 0.10342399775981903
      },
      "speedup": 68.06172778845468,
      "max_diff": 1.9073486328125e-06,
      "correct": true
    },
    "T128_N256_k1": {
      "python": {
        "mean_ms": 11.183284807205201,
        "std_ms": 0.48820935481280286,
        "median_ms": 10.919392108917236,
        "p5_ms": 10.844160079956055,
        "p95_ms": 11.746969842910767,
        "min_ms": 10.803199768066406,
        "max_ms": 13.962240219116211
      },
      "triton": {
        "mean_ms": 0.0801097572594881,
        "std_ms": 0.004630917986993283,
        "median_ms": 0.07884799689054489,
        "p5_ms": 0.07782399654388428,
        "p95_ms": 0.09016320072114467,
        "min_ms": 0.07782399654388428,