{
  "ppo_gae": {
    "4x32x1": {
      "python": {
        "mean_ms": 3.0719065427780152,
        "std_ms": 0.015280069764976669,
        "median_ms": 3.067360043525696,
        "p5_ms": 3.0556159019470215,
        "p95_ms": 3.107891261577606,
        "min_ms": 3.0443520545959473,
        "max_ms": 3.1201279163360596
      },
      "triton": {
        "mean_ms": 0.09719936199486255,
        "std_ms": 0.004846022055973361,
        "median_ms": 0.09523200243711472,
        "p5_ms": 0.0942080020904541,
        "p95_ms": 0.10444799810647964,
        "min_ms": 0.0942080020904541,
        "max_ms": 0.12595200538635254
      },
      "speedup": 32.20934103061825,
      "max_diff": 1.0728836059570312e-06,
      "correct": true,
      "total_elements": 128
    },
    "16x64x4": {
      "python": {
        "mean_ms": 6.132898879051209,
        "std_ms": 0.189459722218873,
        "median_ms": 6.101024150848389,
        "p5_ms": 6.0590081214904785,
        "p95_ms": 6.179532861709594,
        "min_ms": 6.050816059112549,
        "max_ms": 7.663616180419922
      },
      "triton": {
        "mean_ms": 0.09728160180151463,
        "std_ms": 0.003677377642217953,
        "median_ms": 0.09625600278377533,
        "p5_ms": 0.09518080241978169,
        "p95_ms": 0.10350559800863265,
        "min_ms": 0.0942080020904541,
        "max_ms": 0.11468800157308578
      },
      "speedup": 63.38331090429159,
      "max_diff": 2.384185791015625e-06,
      "correct": true,
      "total_elements": 4096
    },
    "64x128x4": {
      "python": {
        "mean_ms": 12.044586219787597,
        "std_ms": 0.04162474995947789,
        "median_ms": 12.03711986541748,
        "p5_ms": 11.98668818473816,
        "p95_ms": 12.123647594451905,
        "min_ms": 11.960320472717285,
        "max_ms": 12.15078353881836
      },
      "triton": {
        "mean_ms": 0.0979273621737957,
        "std_ms": 0.005283717411499891,
        "median_ms": 0.09625600278377533,
        "p5_ms": 0.09523200243711472,
        "p95_ms": 0.10449919812381267,
        "min_ms": 0.0942080020904541,
        "max_ms": 0.1372160017490387
      },
      "speedup": 125.05318647458346,
      "max_diff": 3.337860107421875e-06,
      "correct": true,
      "total_elements": 32768
    },
    "256x256x1": {
      "python": {
        "mean_ms": 23.95588390350342,
        "std_ms": 1.0333465448007082,
        "median_ms": 23.935999870300293,
        "p5_ms": 23.343924045562744,
        "p95_ms": 24.334642505645746,
        "min_ms": 22.921184539794922,
        "max_ms": 29.490175247192383
      },
      "triton": {
        "mean_ms": 0.114009919911623,
        "std_ms": 0.01281610278441093,
        "median_ms": 0.11310400068759918,
        "p5_ms": 0.09922080300748348,
        "p95_ms": 0.13829119503498077,
        "min_ms": 0.09830400347709656,
        "max_ms": 0.14745600521564484
      },
      "speedup": 211.62823352653214,
      "max_diff": 5.7220458984375e-06,
      "correct": true,
      "total_elements": 65536
    }
  },
  "utils_gae_ntk": {
    "N16_T32_k1": {
      "python": {
        "mean_ms": 2.995178234577179,
        "std_ms": 0.00885206616726785,
        "median_ms": 2.994175910949707,
        "p5_ms": 2.982912063598633,
        "p95_ms": 3.007590413093567,
        "min_ms": 2.9777920246124268,
        "max_ms": 3.0412800312042236
      },
      "triton": {
        "mean_ms": 0.07762208126485348,
        "std_ms": 0.0029036833497689592,
        "median_ms": 0.07680000364780426,
        "p5_ms": 0.07577600330114365,
        "p95_ms": 0.0850735992193222,
        "min_ms": 0.07475200295448303,
        "max_ms": 0.08908800035715103
      },
      "speedup": 38.98666365539049,
      "max_diff": 1.1920928955078125e-06,
      "correct": true
    },
    "N64_T64_k4": {
      "python": {
        "mean_ms": 6.153327670097351,
        "std_ms": 0.24534285345804838,
        "median_ms": 6.035968065261841,
        "p5_ms": 6.009856224060059,
        "p95_ms": 6.733670401573181,
        "min_ms": 6.000576019287109,
        "max_ms": 7.0062079429626465
      },
      "triton": {
        "mean_ms": 0.07797728069126605,
        "std_ms": 0.0028906364461895135,
        "median_ms": 0.07680000364780426,
        "p5_ms": 0.07577600330114365,
        "p95_ms": 0.08509439900517463,
        "min_ms": 0.07577600330114365,
        "max_ms": 0.09011200070381165
      },
      "speedup": 78.593330450114,
      "max_diff": 3.814697265625e-06,
      "correct": true
    },
    "N256_T128_k1": {
      "python": {
        "mean_ms": 11.92380093574524,
        "std_ms": 0.37060468227757126,
        "median_ms": 11.75601577758789,
        "p5_ms": 11.6857346534729,
        "p95_ms": 12.727449464797973,
        "min_ms": 11.663359642028809,
        "max_ms": 13.293567657470703
      },
      "triton": {
        "mean_ms": 0.07814304009079934,
        "std_ms": 0.0029883212081164424,
        "median_ms": 0.07779200002551079,
        "p5_ms": 0.07577600330114365,
        "p95_ms": 0.08715200014412403,
        "min_ms": 0.07577600330114365,
        "max_ms": 0.09011200070381165
      },
      "speedup": 151.12114065370054,
      "max_diff": 1.9073486328125e-06,
      "correct": true
    },
    "N512_T256_k4": {
      "python": {
        "mean_ms": 24.048063697814943,
        "std_ms": 0.3451611846472316,
        "median_ms": 23.94163227081299,
        "p5_ms": 23.82505044937134,
        "p95_ms": 24.467968273162843,
        "min_ms": 23.787519454956055,
        "max_ms": 25.646080017089844
      },
      "triton": {
        "mean_ms": 0.21374912068247795,
        "std_ms": 0.0036742578112246736,
        "median_ms": 0.21299199759960175,
        "p5_ms": 0.21094399690628052,
        "p95_ms": 0.22220799326896667,
        "min_ms": 0.21094399690628052,
        "max_ms": 0.23552000522613525
      },
      "speedup": 112.40625253827731,
      "max_diff": 3.337860107421875e-06,
      "correct": true
    }
  },
  "utils_gae_tnk": {
    "T32_N16_k1": {
      "python": {
        "mean_ms": 2.7941580963134767,
        "std_ms": 0.15885186789207442,
        "median_ms": 2.766864061355591,
        "p5_ms": 2.7525217056274416,
        "p95_ms": 2.781235158443451,
        "min_ms": 2.747391939163208,
        "max_ms": 3.791872024536133
      },
      "triton": {
        "mean_ms": 0.07814304068684579,
        "std_ms": 0.003218112542118477,
        "median_ms": 0.07680000364780426,
        "p5_ms": 0.07577600330114365,
        "p95_ms": 0.08709119968116283,
        "min_ms": 0.07481600344181061,
        "max_ms": 0.09011200070381165
      },
      "speedup": 36.02687408771622,
      "max_diff": 9.5367431640625e-07,
      "correct": true
    },
    "T64_N64_k4": {
      "python": {
        "mean_ms": 5.627572154998779,
        "std_ms": 0.08061107213554655,
        "median_ms": 5.604863882064819,
        "p5_ms": 5.578700828552246,
        "p95_ms": 5.8257890224456785,
        "min_ms": 5.567488193511963,
        "max_ms": 6.017024040222168
      },
      "triton": {
        "mean_ms": 0.07781216159462928,
        "std_ms": 0.003626731878305865,
        "median_ms": 0.07680000364780426,
        "p5_ms": 0.07577600330114365,
        "p95_ms": 0.08714079968631266,
        "min_ms": 0.07475200295448303,
        "max_ms": 0.09219200164079666
      },
      "speedup": 72.97999499802191,
      "max_diff": 1.9073486328125e-06,
      "correct": true
    },
    "T128_N256_k1": {
      "python": {
        "mean_ms": 10.926867866516114,
        "std_ms": 0.3027482669886565,
        "median_ms": 10.844655990600586,
        "p5_ms": 10.788761711120605,
        "p95_ms": 11.25345311164856,
        "min_ms": 10.738688468933105,
        "max_ms": 13.417471885681152
      },
      "triton": {
        "mean_ms": 0.07847231939435005,
        "std_ms": 0.0031303442401102435,
        "median_ms": 0.07782399654388428,
        "p5_ms": 0.07680000364780426,
        "p95_ms": 0.08714239969849585,
        "min_ms": 0.07577600330114365,
        "max_ms": 0.08908800035715103
      },