{
  "baselines": {
    "gae_small_32x64": {
      "mean_ms": 3.0824275159835817,
      "std_ms": 0.04840493195991177,
      "min_ms": 3.0545918941497803,
      "max_ms": 3.3393280506134033,
      "memory_mb": 0.03584,
      "runs": 50
    },
    "gae_medium_64x256": {
      "mean_ms": 6.126239376068115,
      "std_ms": 0.07897628701905587,
      "min_ms": 6.074368000030518,
      "max_ms": 6.474751949310303,
      "memory_mb": 0.268288,
      "runs": 50
    },
    "gae_large_128x1024": {
      "mean_ms": 12.18834243774414,
      "std_ms": 0.1859665948099447,
      "min_ms": 12.035072326660156,
      "max_ms": 13.006815910339355,
      "memory_mb": 2.121728,
      "runs": 50
    },
    "obs_norm_small_256x64": {
      "mean_ms": 0.20895615935325623,
      "std_ms": 0.004654049915800798,
      "min_ms": 0.20377600193023682,
      "max_ms": 0.22329600155353546,
      "memory_mb": 1.771008,
      "runs": 50
    },
    "obs_norm_medium_1024x128": {
      "mean_ms": 0.226038401722908,
      "std_ms": 0.03429703706012299,
      "min_ms": 0.21401600539684296,
      "max_ms": 0.4505600035190582,
      "memory_mb": 6.294016,
      "runs": 50
    },
    "obs_norm_large_4096x256": {
      "mean_ms": 0.22030592143535613,
      "std_ms": 0.005328740427134394,
      "min_ms": 0.21503999829292297,
      "max_ms": 0.24063999950885773,
      "memory_mb": 39.326208,
      "runs": 50
    },
    "rotor_16_drones_4rot": {
      "mean_ms": 0.11481088072061539,
      "std_ms": 0.003984226045975864,
      "min_ms": 0.11161600053310394,
      "max_ms": 0.12595200538635254,
      "memory_mb": 5.773312,
      "runs": 50
    },
    "rotor_256_drones_4rot": {
      "mean_ms": 0.11439808040857315,
      "std_ms": 0.0038800640078941713,
      "min_ms": 0.11059200018644333,
      "max_ms": 0.12697599828243256,
      "memory_mb": 5.794816,
      "runs": 50
    },
    "rotor_1024_drones_4rot": {
      "mean_ms": 0.11319680094718933,
      "std_ms": 0.002405225378582387,
      "min_ms": 0.11161600053310394,
      "max_ms": 0.12390399724245071,
      "memory_mb": 5.868544,
      "runs": 50
    },
    "lee_ctrl_16_drones": {
      "mean_ms": 0.13426751732826234,
      "std_ms": 0.004473106880580096,
      "min_ms": 0.13007999956607819,
      "max_ms": 0.14950400590896606,
      "memory_mb": 5.809152,
      "runs": 50
    },
    "lee_ctrl_256_drones": {
      "mean_ms": 0.13320191860198974,
      "std_ms": 0.00430280553706987,
      "min_ms": 0.130048006772995,
      "max_ms": 0.1454080045223236,
      "memory_mb": 5.838848,
      "runs": 50
    },
    "lee_ctrl_1024_drones": {
      "mean_ms": 0.13336255759000779,
      "std_ms": 0.004180768414098106,
      "min_ms": 0.130048006772995,
      "max_ms": 0.1454080045223236,
      "memory_mb": 5.946368,
      "runs": 50
    },
    "lee_ctrl_4096_drones": {
      "mean_ms": 0.13318207681179048,
      "std_ms": 0.0035112654559530526,
      "min_ms": 0.131071999669075,
      "max_ms": 0.1454080045223236,
      "memory_mb": 6.376448,
      "runs": 50
    },
    "mlp_fwd_small_256x64": {
      "mean_ms": 0.1949696010351181,
      "std_ms": 0.009332463429512399,
      "min_ms": 0.18636800348758698,
      "max_ms": 0.23449599742889404,
      "memory_mb": 17.938944,
      "runs": 50
    },
    "mlp_fwd_bwd_small_256x64": {
      "mean_ms": 1.2164940810203553,
      "std_ms": 0.15837509595583224,
      "min_ms": 0.984063982963562,
      "max_ms": 1.6117759943008423,
      "memory_mb": 26.730496,
      "runs": 50
    },
    "mlp_fwd_medium_1024x128": {
      "mean_ms": 0.2734470400214195,
      "std_ms": 0.04753979210632314,
      "min_ms": 0.2027519941329956,
      "max_ms": 0.32252800464630127,
      "memory_mb": 32.49152,
      "runs": 50
    },
    "mlp_fwd_bwd_medium_1024x128": {
      "mean_ms": 1.5930976057052613,
      "std_ms": 0.14489475964194382,
      "min_ms": 1.3946880102157593,
      "max_ms": 1.8810880184173584,
      "memory_mb": 34.1376,
      "runs": 50
    },
    "mlp_fwd_large_4096x256": {
      "mean_ms": 0.3529772800207138,
      "std_ms": 0.054601527429444734,
      "min_ms": 0.3041279911994934,
      "max_ms": 0.43724799156188965,
      "memory_mb": 56.092672,
      "runs": 50
    },
    "mlp_fwd_bwd_large_4096x256": {
      "mean_ms": 1.677005443572998,
      "std_ms": 0.1314362008740866,
      "min_ms": 1.5790079832077026,
      "max_ms": 2.4985599517822266,
      "memory_mb": 63.30112,
      "runs": 50
    },
    "reward_256_envs": {
      "mean_ms": 0.28098303854465484,
      "std_ms": 0.030691421790642128,
      "min_ms": 0.2672640085220337,
      "max_ms": 0.4536319971084595,
      "memory_mb": 29.029888,
      "runs": 50
    },
    "reward_1024_envs": {
      "mean_ms": 0.2605619198083878,
      "std_ms": 0.03003699096078354,
      "min_ms": 0.18432000279426575,
      "max_ms": 0.2836480140686035,
      "memory_mb": 29.100544,
      "runs": 50
    },
    "reward_4096_envs": {
      "mean_ms": 0.18581311881542206,
      "std_ms": 0.003341803944652869,
      "min_ms": 0.18227200210094452,
      "max_ms": 0.19353599846363068,
      "memory_mb": 29.383168,
      "runs": 50
    }
  },
  "improvements": [
    {
      "change": "GAE Triton kernel (small_32x64)",
      "before_ms": 3.2047513484954835,
      "after_ms": 0.041098238974809645,
      "speedup": "77.98x"
    },
    {
      "change": "GAE Triton kernel (medium_64x256)",
      "before_ms": 6.121432361602783,
      "after_ms": 0.04146943904459476,
      "speedup": "147.61x"
    },
    {
      "change": "GAE Triton kernel (large_128x1024)",
      "before_ms": 13.61357250213623,
      "after_ms": 0.08302143827080727,
      "speedup": "163.98x"
    },
    {
      "change": "Obs norm Triton kernel (small_256x64)",
      "before_ms": 0.20330623805522918,
      "after_ms": 0.043007999658584595,
      "speedup": "4.73x"
    },
    {
      "change": "Obs norm Triton kernel (medium_1024x128)",
      "before_ms": 0.21504319995641707,
      "after_ms": 0.04450432002544403,
      "speedup": "4.83x"
    },
    {
      "change": "Obs norm Triton kernel (large_4096x256)",
      "before_ms": 0.24944255858659745,
      "after_ms": 0.10627007871866226,
      "speedup": "2.35x"
    },
    {
      "change": "Reward Triton kernel (256_envs)",
      "before_ms": 0.2095903992652893,
      "after_ms": 0.04323071949183941,
      "speedup": "4.85x"
    },
    {
      "change": "Reward Triton kernel (1024_envs)",
      "before_ms": 0.18100159734487534,
      "after_ms": 0.04267647944390774,
      "speedup": "4.24x"
    },
    {
      "change": "Reward Triton kernel (4096_envs)",
      "before_ms": 0.18030591815710068,
      "after_ms": 0.04282495945692062,
      "speedup": "4.21x"
    }
  ],
  "date": "2026-03-28T01:46:23.939622",
  "last_benchmark_date": "2026-03-28T01:48:15.149726"
}